Post ID,Title,Url,Author,Score,Publish Date,Total No. of Comments,Permalink,Flair
pfg71k,"I'm setting my sell limit high for GME so Robinhood can't give it to short sellers at current pricing....as I was told this was the way? Anyway, what dafuq is going on here? I don't want to hear about how bad RH is. I know. But I'm not cashing out and losing money. Well screw that. Any thoughts?",https://i.redd.it/n6db55jnork71.jpg,JolleyAllen,1,01.09.21 00:15,1,/r/wallstreetbets/comments/pfg71k/im_setting_my_sell_limit_high_for_gme_so/,Discussion
pfg8kh,"I'm setting my sell limit high for GME so RH can't give it to short sellers at current pricing....as I was told this was the way? Anyway, what dafuq is going on here? I don't want to hear about how bad RH is. I know. But I'm not cashing out and losing money. Well screw that. Any thoughts?",https://i.redd.it/3avlh0d6qrk71.jpg,JolleyAllen,1,01.09.21 00:17,3,/r/wallstreetbets/comments/pfg8kh/im_setting_my_sell_limit_high_for_gme_so_rh_cant/,Technical Analysis
pfgd7i,"I keep setting my sell limit high for GME so RH can't loan it to short sellers at current pricing....as I was told this was the way? Anyway, what exactly is going on here? I really don't want to hear about how bad they are. I know. But I'm not cashing out and losing money. Any thoughts?",https://i.redd.it/y4qwc88errk71.jpg,JolleyAllen,1,01.09.21 00:24,1,/r/wallstreetbets/comments/pfgd7i/i_keep_setting_my_sell_limit_high_for_gme_so_rh/,Discussion
pfgj5e,"I tried setting my sell limit high for GME but it's been canceled or rejected. I heard it would stop them from ""loaning"" it to short sellers at current pricing....but I really don't know if it's true. I find this picture very odd though. Any thoughts?",https://i.redd.it/pu4mdkzsrrk71.jpg,JolleyAllen,1,01.09.21 00:33,1,/r/wallstreetbets/comments/pfgj5e/i_tried_setting_my_sell_limit_high_for_gme_but/,Discussion
pfgr1h,28k yolo on gme,https://i.redd.it/4jbrdnv9vrk71.jpg,dtab94,1,01.09.21 00:45,156,/r/wallstreetbets/comments/pfgr1h/28k_yolo_on_gme/,YOLO
pfhlwe,GME has consitently spiked every T-17 days before quad witching which is what we saw last week on 8-24. Next spike is T-9 before quad witching which is this Friday 9-3.,https://i.redd.it/ulb8db153sk71.png,_disguy,1,01.09.21 01:33,4,/r/wallstreetbets/comments/pfhlwe/gme_has_consitently_spiked_every_t17_days_before/,DD
pfhn3d,GME has consistently spiked every T-17 days before quad witching which is what we saw last week on 8-24. Next spike is T-9 before quad witching which is this Friday 9-3.,https://i.redd.it/zhjf7do34sk71.png,_disguy,1,01.09.21 01:35,272,/r/wallstreetbets/comments/pfhn3d/gme_has_consistently_spiked_every_t17_days_before/,Technical Analysis
pfk3fh,GME squeeze has me like üöÄüöÄüöÄüöÄüíé,https://v.redd.it/zqf1lwcytsk71,Duke_Of_Dickcheese,1,01.09.21 04:00,0,/r/wallstreetbets/comments/pfk3fh/gme_squeeze_has_me_like/,Meme
pfnan7,"You guys need to calm down. You loose $800 i loose $29,000 in a day that‚Äôs someone‚Äôs salary. I‚Äôm confident we will go up I‚Äôm from gme , amc , ect. This will go up.",https://i.redd.it/e3exu5q8utk71.jpg,Deagio1997,1,01.09.21 07:23,2,/r/wallstreetbets/comments/pfnan7/you_guys_need_to_calm_down_you_loose_800_i_loose/,YOLO
pfo4dr,NAKD next GME?,https://www.reddit.com/r/wallstreetbets/comments/pfo4dr/nakd_next_gme/,dankmemes3760,1,01.09.21 08:27,1,/r/wallstreetbets/comments/pfo4dr/nakd_next_gme/,YOLO
pfo5xa,"NAKD next GME, can we do this pls lol",https://i.redd.it/lu1mzt296uk71.jpg,dankmemes3760,1,01.09.21 08:30,2,/r/wallstreetbets/comments/pfo5xa/nakd_next_gme_can_we_do_this_pls_lol/,YOLO
pfontq,NAKD to the moon üöÄüöÄüöÄ what are you thinking about NAKD? AMC and GME are currently increasing‚Ä¶.,https://i.redd.it/8uhz7gu6duk71.jpg,Crazy_Green_9461,1,01.09.21 09:09,1,/r/wallstreetbets/comments/pfontq/nakd_to_the_moon_what_are_you_thinking_about_nakd/,Discussion
pfqs2b,Telling my wife I purchased ROOT calls and NOT GME/AMC,https://v.redd.it/ck0t5eoe8vk71,MasterofmydomainWSB,1,01.09.21 12:05,16,/r/wallstreetbets/comments/pfqs2b/telling_my_wife_i_purchased_root_calls_and_not/,Meme
pfryhr,GME potential return to S&amp;P500 if 4th quarter of profitability,https://i.redd.it/svnsibcjnvk71.jpg,skifunkster,1,01.09.21 13:29,2,/r/wallstreetbets/comments/pfryhr/gme_potential_return_to_sp500_if_4th_quarter_of/,News
pfrzjl,"GME may enter S&amp;P500 with a 4th profitable quarter, potentially BIG!",https://twitter.com/DeItaone/status/1433021969918799875?s=19,skifunkster,1,01.09.21 13:31,4,/r/wallstreetbets/comments/pfrzjl/gme_may_enter_sp500_with_a_4th_profitable_quarter/,News
pfs8bp,"EMBRACE THE MEME. Made $9k (25% portfolio return) is the past 6 days. GME, WISH, CRSR ü¶ßüí∞",https://i.redd.it/xcpg1kwwqvk71.jpg,connsack,1,01.09.21 13:48,2,/r/wallstreetbets/comments/pfs8bp/embrace_the_meme_made_9k_25_portfolio_return_is/,Gain
pftnl1,Just bought GME and AMC in my wife's SEP (yes she knows). Now I want to learn options trading. Have I come to the right place?,https://www.reddit.com/r/wallstreetbets/comments/pftnl1/just_bought_gme_and_amc_in_my_wifes_sep_yes_she/,wil_dogg,1,01.09.21 15:14,3,/r/wallstreetbets/comments/pftnl1/just_bought_gme_and_amc_in_my_wifes_sep_yes_she/,Discussion
pfu5fr,GameStop (GME) Pennant Breakout &amp; MACD Bullish Crossover,https://www.reddit.com/r/wallstreetbets/comments/pfu5fr/gamestop_gme_pennant_breakout_macd_bullish/,ares_abi,1,01.09.21 15:42,6,/r/wallstreetbets/comments/pfu5fr/gamestop_gme_pennant_breakout_macd_bullish/,Technical Analysis
pfwab7,What's happening with GME now? üöÄ üåô,https://www.reddit.com/r/wallstreetbets/comments/pfwab7/whats_happening_with_gme_now/,hpq93,1,01.09.21 17:31,3,/r/wallstreetbets/comments/pfwab7/whats_happening_with_gme_now/,Discussion
pfwdi4,What's happening with GME now? üöÄ üåô,https://www.reddit.com/r/wallstreetbets/comments/pfwdi4/whats_happening_with_gme_now/,hpq93,1,01.09.21 17:36,1,/r/wallstreetbets/comments/pfwdi4/whats_happening_with_gme_now/,Discussion
pfwff1,GME to S&amp;P500 üöÄ,https://i.redd.it/d80b7nmzvwk71.jpg,TheTrueAutruist,1,01.09.21 17:38,2,/r/wallstreetbets/comments/pfwff1/gme_to_sp500/,News
pfwgby,GME to S&amp;P500 üöÄ,https://www.wsj.com/articles/gamestop-stocks-possible-return-to-s-p-500-in-hands-of-anonymous-committee-11630494001,TheTrueAutruist,1,01.09.21 17:39,14,/r/wallstreetbets/comments/pfwgby/gme_to_sp500/,News
pfx9de,My son knows his mommy is going to the moonüöÄüöÄüåô #AMC #GME #BBIG!,https://v.redd.it/iwwagycc3xk71,JP20202020,1,01.09.21 18:19,1,/r/wallstreetbets/comments/pfx9de/my_son_knows_his_mommy_is_going_to_the_moon_amc/,Meme
pg34l2,Its seems GME is growing its crypt | NFT space,https://i.redd.it/lr5llicmiyk71.jpg,consciousnes5,1,01.09.21 23:07,2,/r/wallstreetbets/comments/pg34l2/its_seems_gme_is_growing_its_crypt_nft_space/,News
pg3rrl,GME short squeeze,https://www.reddit.com/r/wallstreetbets/comments/pg3rrl/gme_short_squeeze/,1THRILLHOUSE,1,01.09.21 23:41,3,/r/wallstreetbets/comments/pg3rrl/gme_short_squeeze/,YOLO
pg6ooh,"GME &amp; Volume, does this seem extremely bullish to anyone else?",https://www.reddit.com/r/wallstreetbets/comments/pg6ooh/gme_volume_does_this_seem_extremely_bullish_to/,commieconfidential,1,02.09.21 02:24,341,/r/wallstreetbets/comments/pg6ooh/gme_volume_does_this_seem_extremely_bullish_to/,Technical Analysis
pg6y6u,I just like to smile. $GME &amp; $AMC are my favorite.,https://v.redd.it/mkfb9g8jkzk71,Inevitable_Nebula_74,1,02.09.21 02:40,1,/r/wallstreetbets/comments/pg6y6u/i_just_like_to_smile_gme_amc_are_my_favorite/,Meme
pg8est,Buy HODL buckle up ! ! Just GME 6 of whatever $$$ 10s 20s 50s 100s we FOshow HODL,https://i.redd.it/jxzz69ea00l71.jpg,Redskin_Flippy,1,02.09.21 04:08,1,/r/wallstreetbets/comments/pg8est/buy_hodl_buckle_up_just_gme_6_of_whatever_10s_20s/,Discussion
pg8imv,$GME ALL GAPS MUST FILL. LFGGGG üöÄüöÄüöÄüöÄ,https://i.redd.it/r621nnsg00l71.png,WhoLickedMyDumpling,1,02.09.21 04:14,1,/r/wallstreetbets/comments/pg8imv/gme_all_gaps_must_fill_lfgggg/,Discussion
pgav1b,"When you took money from mommy to pay for pizza, because you are YOLO on GME...",https://v.redd.it/3m8dnwoir0l71,7BlueWhales,1,02.09.21 06:41,2,/r/wallstreetbets/comments/pgav1b/when_you_took_money_from_mommy_to_pay_for_pizza/,Meme
pgdhpo,Will #SPUT cause a squeeze bigger than #GME #AMC? A must read article below! #uraniumsqueez,https://www.reddit.com/r/wallstreetbets/comments/pgdhpo/will_sput_cause_a_squeeze_bigger_than_gme_amc_a/,bolthrover,1,02.09.21 10:09,1,/r/wallstreetbets/comments/pgdhpo/will_sput_cause_a_squeeze_bigger_than_gme_amc_a/,YOLO
pgdk25,Must read: Those looking for a potential bigger squeeze than GME or AMC! #SPUT #uraniumsqueeze,https://www.reddit.com/r/wallstreetbets/comments/pgdk25/must_read_those_looking_for_a_potential_bigger/,bolthrover,1,02.09.21 10:15,1,/r/wallstreetbets/comments/pgdk25/must_read_those_looking_for_a_potential_bigger/,Discussion
pgeu9c,Is DIDI the next GME?,https://www.reddit.com/r/wallstreetbets/comments/pgeu9c/is_didi_the_next_gme/,slayerfan2021,1,02.09.21 12:06,3,/r/wallstreetbets/comments/pgeu9c/is_didi_the_next_gme/,Meme
pgg5tq,"I'm as gay &amp; apish as they cum, and support GME HODL, but there isn't an asterisk next to ""TOO BIG TO FAIL"" that provides an exception to a forum full of degenerate retards. Don't fool yourselves into thinking there's an outcome here where we win and THEY lose.",https://www.reddit.com/r/wallstreetbets/comments/pgg5tq/im_as_gay_apish_as_they_cum_and_support_gme_hodl/,SpeakingHonestly,1,02.09.21 13:42,2,/r/wallstreetbets/comments/pgg5tq/im_as_gay_apish_as_they_cum_and_support_gme_hodl/,Discussion
pgg9op,"I'm as gay &amp; apish as they cum, and support GME HODL, but there isn't an asterisk next to ""TOO BIG TO FAIL"" that provides an exception to a forum full of degenerate retards. Don't fool yourselves into thinking there's an outcome here where we win and THEY lose.",https://www.reddit.com/r/wallstreetbets/comments/pgg9op/im_as_gay_apish_as_they_cum_and_support_gme_hodl/,SpeakingHonestly,1,02.09.21 13:49,0,/r/wallstreetbets/comments/pgg9op/im_as_gay_apish_as_they_cum_and_support_gme_hodl/,Discussion
pghkb8,$NKLA short squeeze anyone? The next $GME,https://i.redd.it/f5j25wi8a3l71.jpg,TheReal-Dirty-Dan,1,02.09.21 15:09,3,/r/wallstreetbets/comments/pghkb8/nkla_short_squeeze_anyone_the_next_gme/,DD
pghynq,I just quit my job so that I could roll over my 401k into an IRA and put it all in GME! YOLO,https://i.redd.it/y6wtknxzd3l71.png,SockTicker,1,02.09.21 15:32,2157,/r/wallstreetbets/comments/pghynq/i_just_quit_my_job_so_that_i_could_roll_over_my/,YOLO
pgi145,"We are all retarded apes ü¶ç ü¶ç, but not idiots !!!!!! YTD shorters has lost over $ 10B on two meme stonks, GME and AMC.!! United we win, divided we loose. They are fucking with FUD and shitty dirty tricks. It‚Äôs time to give them more pain‚Ä¶",https://www.reddit.com/r/wallstreetbets/comments/pgi145/we_are_all_retarded_apes_but_not_idiots_ytd/,Makemydayshine,1,02.09.21 15:36,1,/r/wallstreetbets/comments/pgi145/we_are_all_retarded_apes_but_not_idiots_ytd/,Discussion
pgio39,87k GME YOLO,https://i.redd.it/5utghlh7l3l71.jpg,MolochTheWise,1,02.09.21 16:10,2,/r/wallstreetbets/comments/pgio39/87k_gme_yolo/,YOLO
pgits0,$87k GME YOLO,https://i.redd.it/r33h76nom3l71.jpg,MolochTheWise,1,02.09.21 16:19,4,/r/wallstreetbets/comments/pgits0/87k_gme_yolo/,YOLO
pgju0e,$170k Yolo GME,https://i.redd.it/5z0bpml1w3l71.jpg,unemployedgambler,1,02.09.21 17:11,353,/r/wallstreetbets/comments/pgju0e/170k_yolo_gme/,YOLO
pgl124,GME + NFT's,https://www.reddit.com/r/wallstreetbets/comments/pgl124/gme_nfts/,Equivalent-Ad5159,1,02.09.21 18:13,3,/r/wallstreetbets/comments/pgl124/gme_nfts/,News
pgl227,GME + NFT's,https://www.reddit.com/r/wallstreetbets/comments/pgl227/gme_nfts/,Equivalent-Ad5159,1,02.09.21 18:15,3,/r/wallstreetbets/comments/pgl227/gme_nfts/,News
pgl780,Ihor Dusaniwsky of S3 Partners on potential short squeeze stocks $GME $AMC $CLOV $MMAT $WKHS $W $BLNK $SPRT $BBIG,https://v.redd.it/jvtff67f84l71,SilverSpliff,1,02.09.21 18:22,2,/r/wallstreetbets/comments/pgl780/ihor_dusaniwsky_of_s3_partners_on_potential_short/,News
pglk94,GME seems like a strong buy today,https://www.reddit.com/r/wallstreetbets/comments/pglk94/gme_seems_like_a_strong_buy_today/,nskadri,0,02.09.21 18:40,1,/r/wallstreetbets/comments/pglk94/gme_seems_like_a_strong_buy_today/,Gain
pgmjg9,Polish ape buyin &amp; holding GME since January,https://i.redd.it/6a6yv3mkk4l71.jpg,Sufficient-Pipe-9828,1,02.09.21 19:28,4,/r/wallstreetbets/comments/pgmjg9/polish_ape_buyin_holding_gme_since_january/,YOLO
pgnd5h,"My teacher made a game to introduce my classe to trading: each student need to choose a stock, and the one who chose the action that increased the most in around 3 weeks wins 40 bucks. Any tips or recommendations? (I think I‚Äôll choose GME as his percentage change a lot over time)",https://www.reddit.com/r/wallstreetbets/comments/pgnd5h/my_teacher_made_a_game_to_introduce_my_classe_to/,chuchichaschtli_ch,1,02.09.21 20:11,3,/r/wallstreetbets/comments/pgnd5h/my_teacher_made_a_game_to_introduce_my_classe_to/,Discussion
pgq64t,Yolo AMC GME BB CLOV RKT i passed the course of VOT now Im certificate.,https://i.redd.it/a08ul13sh5l71.jpg,Baby_Healing,1,02.09.21 22:35,2,/r/wallstreetbets/comments/pgq64t/yolo_amc_gme_bb_clov_rkt_i_passed_the_course_of/,YOLO
pgqjrz,Can't believe this sub is still not over GME after 7 months,https://www.reddit.com/r/wallstreetbets/comments/pgqjrz/cant_believe_this_sub_is_still_not_over_gme_after/,bragghy,1,02.09.21 22:54,71,/r/wallstreetbets/comments/pgqjrz/cant_believe_this_sub_is_still_not_over_gme_after/,Discussion
pgr63v,Purchased 85 shares of GME.,https://www.reddit.com/r/wallstreetbets/comments/pgr63v/purchased_85_shares_of_gme/,Salesman1972,1,02.09.21 23:29,3,/r/wallstreetbets/comments/pgr63v/purchased_85_shares_of_gme/,YOLO
pgrlbc,$TGGI squeeze!!!! Right up there with GME and AMC.,https://otcprwire.com/where-shorts-are-on-the-run-nyse-gme-otc-us-tggi-nyse-amc/,ResearcherNew7628,1,02.09.21 23:55,3,/r/wallstreetbets/comments/pgrlbc/tggi_squeeze_right_up_there_with_gme_and_amc/,DD
pgsruu,Anyone else been holding some GME shares but have completely stopped following the scene?,https://www.reddit.com/r/wallstreetbets/comments/pgsruu/anyone_else_been_holding_some_gme_shares_but_have/,Spud_Lite,1,03.09.21 01:00,8,/r/wallstreetbets/comments/pgsruu/anyone_else_been_holding_some_gme_shares_but_have/,Discussion
pgt4oi,"SHLDQ - The rise of SEARS, practically dead but not dead yet! Aboard the moon launch with GME",https://www.reddit.com/r/wallstreetbets/comments/pgt4oi/shldq_the_rise_of_sears_practically_dead_but_not/,Gelinas9406,1,03.09.21 01:20,1,/r/wallstreetbets/comments/pgt4oi/shldq_the_rise_of_sears_practically_dead_but_not/,DD
pgtk3l,Took me a while but I finally got away from RH. Never forget how they affected GME,https://www.reddit.com/gallery/pgtk3l,Honeybees-n-Kombucha,1,03.09.21 01:45,1,/r/wallstreetbets/comments/pgtk3l/took_me_a_while_but_i_finally_got_away_from_rh/,Discussion
pgu7c3,When you post GME meme and the bois shower you with awards,https://v.redd.it/pxl82dcmm6l71,Necessary_Bit_493,1,03.09.21 02:24,14,/r/wallstreetbets/comments/pgu7c3/when_you_post_gme_meme_and_the_bois_shower_you/,Meme
pgun6m,Does anyone else think it's weird that gme yolos have taken front and center stage this week?,https://www.reddit.com/r/wallstreetbets/comments/pgun6m/does_anyone_else_think_its_weird_that_gme_yolos/,ErrlRiggs,1,03.09.21 02:53,2,/r/wallstreetbets/comments/pgun6m/does_anyone_else_think_its_weird_that_gme_yolos/,Discussion
pgvwib,"Need some help I‚Äôm new in the stock world I manage to make some money with Investing $300 I bought some and sell I‚Äôm up $1900 landed on 4 CLOV, CLNE, PLTR, FFIE stocks what should I do sell and bye Yolo and GME, AMC our any other stocks ?",https://i.redd.it/cdvmgi3w57l71.jpg,Nybmwp25,1,03.09.21 04:12,1,/r/wallstreetbets/comments/pgvwib/need_some_help_im_new_in_the_stock_world_i_manage/,Discussion
pgw0qo,Just quit my job so I can buy GME stocks,https://www.reddit.com/r/wallstreetbets/comments/pgw0qo/just_quit_my_job_so_i_can_buy_gme_stocks/,zombiecookie8,1,03.09.21 04:19,1,/r/wallstreetbets/comments/pgw0qo/just_quit_my_job_so_i_can_buy_gme_stocks/,Meme
pgw3ce,"Need some help I‚Äôm new this game of stocks I invest little as $300 in age in last 3 month to make some money about $1900 and know landed on 4 stocks CLOV, CLNE,PLTR, FFIE what should I do sell for YOLO, AMC, GME ?",https://i.redd.it/znc6einx77l71.jpg,Nybmwp25,1,03.09.21 04:23,1,/r/wallstreetbets/comments/pgw3ce/need_some_help_im_new_this_game_of_stocks_i/,Discussion
pgw3ic,Just quit my job to buy GME stock,https://www.reddit.com/r/wallstreetbets/comments/pgw3ic/just_quit_my_job_to_buy_gme_stock/,zombiecookie8,1,03.09.21 04:23,1,/r/wallstreetbets/comments/pgw3ic/just_quit_my_job_to_buy_gme_stock/,Meme
pgw962,Quitting my job to buy GME stocks,https://www.reddit.com/r/wallstreetbets/comments/pgw962/quitting_my_job_to_buy_gme_stocks/,zombiecookie8,1,03.09.21 04:33,21,/r/wallstreetbets/comments/pgw962/quitting_my_job_to_buy_gme_stocks/,Meme
pgzh78,"Is reddit stock going to be ""the new gme""?",https://www.reddit.com/r/wallstreetbets/comments/pgzh78/is_reddit_stock_going_to_be_the_new_gme/,Timely-Ice2162,1,03.09.21 08:17,3,/r/wallstreetbets/comments/pgzh78/is_reddit_stock_going_to_be_the_new_gme/,Discussion
ph1f3u,TBLT the new GME,https://www.reddit.com/r/wallstreetbets/comments/ph1f3u/tblt_the_new_gme/,dobboinvests,1,03.09.21 11:00,1,/r/wallstreetbets/comments/ph1f3u/tblt_the_new_gme/,Gain
ph39kz,Am I the only one who doesn't know what's going on with GME?,https://www.reddit.com/r/wallstreetbets/comments/ph39kz/am_i_the_only_one_who_doesnt_know_whats_going_on/,ThinkSatisfaction909,1,03.09.21 13:26,1,/r/wallstreetbets/comments/ph39kz/am_i_the_only_one_who_doesnt_know_whats_going_on/,Discussion
ph5iav,"Gains since the pandemic thanks largely to Delta, Tesla, GME, and yoloing some coins",https://i.redd.it/i9bqosy1mal71.png,Substantial-Pride-60,1,03.09.21 15:47,2,/r/wallstreetbets/comments/ph5iav/gains_since_the_pandemic_thanks_largely_to_delta/,Gain
ph5iax,"Gains since the pandemic thanks largely to Delta, Tesla, GME, and yoloing some coins",https://i.redd.it/i9bqosy1mal71.png,Substantial-Pride-60,1,03.09.21 15:47,2,/r/wallstreetbets/comments/ph5iax/gains_since_the_pandemic_thanks_largely_to_delta/,Gain
ph5l79,"$SDC is the new $GME, huge short squeeze potential with still a low price.",https://i.redd.it/7mekllzumal71.jpg,LukasSta,1,03.09.21 15:52,3,/r/wallstreetbets/comments/ph5l79/sdc_is_the_new_gme_huge_short_squeeze_potential/,YOLO
ph65mw,Can we make $VIH the next $GME?,https://i.redd.it/rh8ld67dsal71.jpg,nycperson54321,1,03.09.21 16:23,1,/r/wallstreetbets/comments/ph65mw/can_we_make_vih_the_next_gme/,Discussion
ph6k4q,Lost $34k on GME YTD. Just bought back in,https://i.redd.it/u27c71f2wal71.png,ddropthesoap,1,03.09.21 16:44,3,/r/wallstreetbets/comments/ph6k4q/lost_34k_on_gme_ytd_just_bought_back_in/,Loss
ph6nhz,Lost $34k on GME YTD. Just bought back in,https://www.reddit.com/r/wallstreetbets/comments/ph6nhz/lost_34k_on_gme_ytd_just_bought_back_in/,ddropthesoap,1,03.09.21 16:49,3,/r/wallstreetbets/comments/ph6nhz/lost_34k_on_gme_ytd_just_bought_back_in/,Loss
ph6p13,After losing $34k on GME year to date. I just bought back in $20k because of the low volume recently.,https://www.reddit.com/r/wallstreetbets/comments/ph6p13/after_losing_34k_on_gme_year_to_date_i_just/,ddropthesoap,1,03.09.21 16:51,3,/r/wallstreetbets/comments/ph6p13/after_losing_34k_on_gme_year_to_date_i_just/,Loss
ph7bis,"What is stock of the day? GME, URA, BB, TSLA, BTCM",https://www.reddit.com/r/wallstreetbets/comments/ph7bis/what_is_stock_of_the_day_gme_ura_bb_tsla_btcm/,tridentwastaken1,1,03.09.21 17:22,1,/r/wallstreetbets/comments/ph7bis/what_is_stock_of_the_day_gme_ura_bb_tsla_btcm/,Discussion
ph7pvx,I‚Äôm gonna be PISSED if Sears ends up having a higher ceiling than GME or AMC,https://www.reddit.com/r/wallstreetbets/comments/ph7pvx/im_gonna_be_pissed_if_sears_ends_up_having_a/,coalharr,1,03.09.21 17:42,1,/r/wallstreetbets/comments/ph7pvx/im_gonna_be_pissed_if_sears_ends_up_having_a/,Discussion
ph88bu,Are you buying $SHLDQ since its in the same shorted basket as GME and AMC?,https://www.reddit.com/r/wallstreetbets/comments/ph88bu/are_you_buying_shldq_since_its_in_the_same/,Timeburners,1,03.09.21 18:08,1,/r/wallstreetbets/comments/ph88bu/are_you_buying_shldq_since_its_in_the_same/,YOLO
ph8se5,"The mid-day update. Top trending tickers on WallStreetBets and why: CLOV, GME, BABA, SOFI, DOCU",https://www.reddit.com/r/wallstreetbets/comments/ph8se5/the_midday_update_top_trending_tickers_on/,stonksmaygoup,1,03.09.21 18:37,108,/r/wallstreetbets/comments/ph8se5/the_midday_update_top_trending_tickers_on/,Discussion
ph91v0,"I believe corsair will be the gme or amc. Out of alll the memestocks. Why it's an market leader in high performance memory storage device,its keyboard and mouse have an quality which are matched by very few in the gaming industry yet being fairly priced plus the gaming industry is still yet",https://i.redd.it/n3rh745pibl71.jpg,Sekiro_it_is,1,03.09.21 18:50,2,/r/wallstreetbets/comments/ph91v0/i_believe_corsair_will_be_the_gme_or_amc_out_of/,Discussion
ph93d7,Fuck GME options. They always shit after I buy. Every fucking time,https://www.reddit.com/gallery/ph93d7,Blindside783,1,03.09.21 18:53,2,/r/wallstreetbets/comments/ph93d7/fuck_gme_options_they_always_shit_after_i_buy/,YOLO
ph9rva,$GME I‚Äôm in! Riding the earnings playüöÄüöÄ,https://i.redd.it/nsrbzau6pbl71.jpg,faisall1,1,03.09.21 19:27,5,/r/wallstreetbets/comments/ph9rva/gme_im_in_riding_the_earnings_play/,YOLO
phan4g,1 Day in GME,https://i.redd.it/8o0cz4dcxbl71.jpg,unemployedgambler,1,03.09.21 20:13,533,/r/wallstreetbets/comments/phan4g/1_day_in_gme/,Loss
phawv6,Cineworld the next GME?,https://www.reddit.com/r/wallstreetbets/comments/phawv6/cineworld_the_next_gme/,phildoom,1,03.09.21 20:27,1,/r/wallstreetbets/comments/phawv6/cineworld_the_next_gme/,Discussion
phbf8q,Sava has joined ranks with gme&amp; amc. The law firms are in on the shorts,https://www.reddit.com/r/wallstreetbets/comments/phbf8q/sava_has_joined_ranks_with_gme_amc_the_law_firms/,DPNYCHUMPCHANGE64,1,03.09.21 20:54,3,/r/wallstreetbets/comments/phbf8q/sava_has_joined_ranks_with_gme_amc_the_law_firms/,YOLO
phbvil,Thanks to RKLB I'm making a comeback from my GME losses this year!,https://i.redd.it/d9lko9pv8cl71.jpg,SyFyFan93,1,03.09.21 21:18,2,/r/wallstreetbets/comments/phbvil/thanks_to_rklb_im_making_a_comeback_from_my_gme/,Gain
phc5q8,Art I made during the GME boom‚Ä¶ üò¢,https://i.redd.it/ibweje4nbcl71.jpg,BoysenberryAway5456,1,03.09.21 21:33,2,/r/wallstreetbets/comments/phc5q8/art_i_made_during_the_gme_boom/,Meme
phcwvb,"The GME squeeze, has it been and gone?",https://www.reddit.com/r/wallstreetbets/comments/phcwvb/the_gme_squeeze_has_it_been_and_gone/,1THRILLHOUSE,1,03.09.21 22:13,2,/r/wallstreetbets/comments/phcwvb/the_gme_squeeze_has_it_been_and_gone/,Discussion
phe8q2,Top Macro-Analyst Lyn Alden (255K Followers) sees it. Uranium going to the moon! See Stocks as of today! Sprott is squeezing the Uranium-market! This is the best trade since GME squeeze. What do you think? Would you invest in Uranium?,https://www.reddit.com/r/wallstreetbets/comments/phe8q2/top_macroanalyst_lyn_alden_255k_followers_sees_it/,poushkin,1,03.09.21 23:26,3,/r/wallstreetbets/comments/phe8q2/top_macroanalyst_lyn_alden_255k_followers_sees_it/,Discussion
phe9cm,Apes buying GME shares,https://i.redd.it/435djc40wcl71.jpg,Jarre_no_short,1,03.09.21 23:27,2,/r/wallstreetbets/comments/phe9cm/apes_buying_gme_shares/,Meme
phez5p,What type of loans can I get so I can YOLO them into some GME and AMC?,https://www.reddit.com/r/wallstreetbets/comments/phez5p/what_type_of_loans_can_i_get_so_i_can_yolo_them/,Theseeker2019,1,04.09.21 00:08,3,/r/wallstreetbets/comments/phez5p/what_type_of_loans_can_i_get_so_i_can_yolo_them/,YOLO
phfijf,"I sold my $GME Jan 21, 2022 300c options today (Sep 3) for a loss of ~$6500. I was concerned about a potential IV crush after the upcoming earnings report on Sep 8. I‚Äôm looking for feedback if this was likely a good or bad move on my part, and how to handle similar situations in the future. Thanks.",https://www.reddit.com/r/wallstreetbets/comments/phfijf/i_sold_my_gme_jan_21_2022_300c_options_today_sep/,CyberHump2021,1,04.09.21 00:39,3,/r/wallstreetbets/comments/phfijf/i_sold_my_gme_jan_21_2022_300c_options_today_sep/,Discussion
phfl1y,"I sold my $GME Jan 21, 2022 300c options today (Sep 3) for a loss of ~$6500. I was concerned about a potential IV crush after the upcoming earnings report on Sep 8. I‚Äôm looking for feedback if this was likely a good or bad move on my part, and how to handle similar situations in the future. Thanks.",https://www.reddit.com/r/wallstreetbets/comments/phfl1y/i_sold_my_gme_jan_21_2022_300c_options_today_sep/,CyberHump2021,1,04.09.21 00:43,1,/r/wallstreetbets/comments/phfl1y/i_sold_my_gme_jan_21_2022_300c_options_today_sep/,Loss
phfsjl,"Sold my 3 $GME Jan 21, 2022 300c options today (Sep 3, 2021) for a loss of ~$6500. Was this a likely good or bad move on my part?",https://www.reddit.com/r/wallstreetbets/comments/phfsjl/sold_my_3_gme_jan_21_2022_300c_options_today_sep/,CyberHump2021,1,04.09.21 00:55,8,/r/wallstreetbets/comments/phfsjl/sold_my_3_gme_jan_21_2022_300c_options_today_sep/,Discussion
phhcv5,"GME Yolo Part II: Locking In ~$144,208.04 Profits",https://www.reddit.com/gallery/phhcv5,thabigbadwong,1,04.09.21 02:33,48,/r/wallstreetbets/comments/phhcv5/gme_yolo_part_ii_locking_in_14420804_profits/,Gain
phis5h,Can someone legit explain me how can GME squeeze with 5m average volume?,https://www.reddit.com/r/wallstreetbets/comments/phis5h/can_someone_legit_explain_me_how_can_gme_squeeze/,Lavi1012,1,04.09.21 04:06,3,/r/wallstreetbets/comments/phis5h/can_someone_legit_explain_me_how_can_gme_squeeze/,Discussion
phiw60,I don't get how can GME squeeze. Eli5 this please without endless DD,https://www.reddit.com/r/wallstreetbets/comments/phiw60/i_dont_get_how_can_gme_squeeze_eli5_this_please/,Lavi1012,1,04.09.21 04:13,43,/r/wallstreetbets/comments/phiw60/i_dont_get_how_can_gme_squeeze_eli5_this_please/,Discussion
phk3jk,I thought it would be appropriate to share this hear for all the GME apes - my oil painting and NFT,https://i.redd.it/z8njp7hqpel71.jpg,NoahVerrier,1,04.09.21 05:35,2,/r/wallstreetbets/comments/phk3jk/i_thought_it_would_be_appropriate_to_share_this/,Meme
phkl17,The Most Vile Criminal POS Since Adolf Hitler (also pictured Harvey Weinstein) #MOASS #GME #AMC,https://i.redd.it/d7bjdkjuvel71.jpg,RelativeCommand8837,1,04.09.21 06:10,2,/r/wallstreetbets/comments/phkl17/the_most_vile_criminal_pos_since_adolf_hitler/,Meme
phml5h,GME back in February,https://v.redd.it/fa71n60wnfl71,Pumpkinskydie,1,04.09.21 08:47,24,/r/wallstreetbets/comments/phml5h/gme_back_in_february/,Meme
phmxj6,Finally convinced to buy GME?,https://www.reddit.com/r/wallstreetbets/comments/phmxj6/finally_convinced_to_buy_gme/,Thick-Acanthaceae-59,1,04.09.21 09:16,30,/r/wallstreetbets/comments/phmxj6/finally_convinced_to_buy_gme/,Discussion
pht3jg,Ive been seeing a lot about amazon shorting these companies like GME/AMC/BLOCKBUSTER. Could amazon also be shorting CLOV?,https://i.redd.it/7zhziejs3il71.png,trance6,1,04.09.21 16:59,1,/r/wallstreetbets/comments/pht3jg/ive_been_seeing_a_lot_about_amazon_shorting_these/,Discussion
phw2k1,"r/relationship_advice: I (m54) just adopted a boy (m6) to manage my portfolio. And day one, the retard decides to YOLO my whole IRA into GME. How do I tell him his father is not actually his dad, but instead his mom‚Äôs boyfriend?",https://www.reddit.com/r/wallstreetbets/comments/phw2k1/rrelationship_advice_i_m54_just_adopted_a_boy_m6/,h3fabio,1,04.09.21 19:43,3,/r/wallstreetbets/comments/phw2k1/rrelationship_advice_i_m54_just_adopted_a_boy_m6/,Discussion
phx1x8,Why is this time different than last time with GME? seriously though? There is far less hype and media buzz to get average joe interested and a lot of retail investors probably feel burnt from last times ‚Äúsqueeze‚Äù.,https://www.reddit.com/r/wallstreetbets/comments/phx1x8/why_is_this_time_different_than_last_time_with/,The_Every_Day_Times,1,04.09.21 20:36,3,/r/wallstreetbets/comments/phx1x8/why_is_this_time_different_than_last_time_with/,Discussion
phx2h1,"r/relationship_advice: I (m54) just adopted a child (m6) to manage my portfolio for me. Day one, the retard YOLO's my entire IRA into GME and I lose 5% right away. I like this kid. My question is, how do I tell him that his father is actually his mom's boyfriend?",https://www.reddit.com/r/wallstreetbets/comments/phx2h1/rrelationship_advice_i_m54_just_adopted_a_child/,h3fabio,1,04.09.21 20:37,3,/r/wallstreetbets/comments/phx2h1/rrelationship_advice_i_m54_just_adopted_a_child/,Meme
phxlnt,"r/relationship_advice: I (m54) just adopted a child (m6) to manage my portfolio for me. Day one, the retard YOLO's my entire IRA into GME and I lose 5% right away. I like this kid. My question is, how do I tell him that his father is actually his mom's boyfriend?",https://www.reddit.com/r/wallstreetbets/comments/phxlnt/rrelationship_advice_i_m54_just_adopted_a_child/,h3fabio,1,04.09.21 21:07,2,/r/wallstreetbets/comments/phxlnt/rrelationship_advice_i_m54_just_adopted_a_child/,Discussion
phxsis,"r/relationship_advice: I (m54) just adopted a child (m6) to manage my portfolio for me. Day one, the retard YOLO's my entire IRA into GME and I lose 5% right away. I like this kid. My question is, how do I tell him that his father is actually his mom's boyfriend?",https://www.reddit.com/r/wallstreetbets/comments/phxsis/rrelationship_advice_i_m54_just_adopted_a_child/,h3fabio,1,04.09.21 21:17,1,/r/wallstreetbets/comments/phxsis/rrelationship_advice_i_m54_just_adopted_a_child/,Discussion
phyn5z,Could RIOT be the next AMC or GME?,https://www.reddit.com/r/wallstreetbets/comments/phyn5z/could_riot_be_the_next_amc_or_gme/,MyrtleBeachBum007,1,04.09.21 22:06,1,/r/wallstreetbets/comments/phyn5z/could_riot_be_the_next_amc_or_gme/,Discussion
pi2jhs,Gme apes waiting for squeeze.,https://www.reddit.com/r/Shortsqueeze/comments/phyvni/apes_waiting_for_the_squeeze/?ref=share&amp;ref_source=link,xxjohnnybravoxx,1,05.09.21 02:01,1,/r/wallstreetbets/comments/pi2jhs/gme_apes_waiting_for_squeeze/,Meme
pi37zq,Bear me - What could possibly explain the sustained price in GME if the fuckers actually covered?,https://www.reddit.com/r/wallstreetbets/comments/pi37zq/bear_me_what_could_possibly_explain_the_sustained/,KunEdmt,1,05.09.21 02:46,2,/r/wallstreetbets/comments/pi37zq/bear_me_what_could_possibly_explain_the_sustained/,Discussion
pibomc,Hyper inflation after gme-amc,https://www.reddit.com/r/wallstreetbets/comments/pibomc/hyper_inflation_after_gmeamc/,alfie_longstaff_,1,05.09.21 13:48,3,/r/wallstreetbets/comments/pibomc/hyper_inflation_after_gmeamc/,Discussion
pic3y3,"I currently have money in AMC, GME and MMAT. I believe AMC and GME will squeeze and I hold MMAT long term. I have a decent amount of cash on hand and was looking for 5 stocks to invest in long term. Do you have any suggestions on long term stocks I should look into and why you‚Äôd hold them? Thanks!",https://www.reddit.com/r/wallstreetbets/comments/pic3y3/i_currently_have_money_in_amc_gme_and_mmat_i/,scalcara,1,05.09.21 14:20,3,/r/wallstreetbets/comments/pic3y3/i_currently_have_money_in_amc_gme_and_mmat_i/,Discussion
pid8hw,"I currently have money in AMC, GME and MMAT. I‚Äôm expanding my portfolio and will be looking for some new long term holds. Does anyone have any stocks in the $5-$40 price range that they are anticipating some decent growth over the next 5-10 years? I‚Äôd appreciate any guidance.",https://www.reddit.com/r/wallstreetbets/comments/pid8hw/i_currently_have_money_in_amc_gme_and_mmat_im/,scalcara,1,05.09.21 15:37,3,/r/wallstreetbets/comments/pid8hw/i_currently_have_money_in_amc_gme_and_mmat_im/,Discussion
pij2ez,Why people in here forgot GME??,https://www.reddit.com/r/wallstreetbets/comments/pij2ez/why_people_in_here_forgot_gme/,alejito29,1,05.09.21 21:02,3,/r/wallstreetbets/comments/pij2ez/why_people_in_here_forgot_gme/,Discussion
pikfo6,Coming from Canada to all GME APES. Support is all in!,https://i.redd.it/7ya1iwr1tql71.jpg,WeStandByEachOther,1,05.09.21 22:15,2,/r/wallstreetbets/comments/pikfo6/coming_from_canada_to_all_gme_apes_support_is_all/,YOLO
pikm7i,Went to the mall today and saw this. All out support for GME apes! All the way from Canada.,https://i.redd.it/g3mbb4zsuql71.jpg,WeStandByEachOther,1,05.09.21 22:25,1,/r/wallstreetbets/comments/pikm7i/went_to_the_mall_today_and_saw_this_all_out/,Discussion
pikxmv,GME is putting me in odd social situations,https://www.reddit.com/r/wallstreetbets/comments/pikxmv/gme_is_putting_me_in_odd_social_situations/,Selphish_Stephen,1,05.09.21 22:42,4,/r/wallstreetbets/comments/pikxmv/gme_is_putting_me_in_odd_social_situations/,Meme
pio6l0,GME,https://www.reddit.com/r/wallstreetbets/comments/pio6l0/gme/,HoagieAss,1,06.09.21 01:54,3,/r/wallstreetbets/comments/pio6l0/gme/,Discussion
pip8jk,"Does anyone think Chuck E Cheese stock ""Ceconomy A"" Going to be a GME stock part 2?",https://www.reddit.com/r/wallstreetbets/comments/pip8jk/does_anyone_think_chuck_e_cheese_stock_ceconomy_a/,antipumpy13,1,06.09.21 03:02,2,/r/wallstreetbets/comments/pip8jk/does_anyone_think_chuck_e_cheese_stock_ceconomy_a/,Discussion
pipe8g,GME weds. Earnings. Move?,https://www.reddit.com/r/wallstreetbets/comments/pipe8g/gme_weds_earnings_move/,PaddyCakes808,1,06.09.21 03:12,1,/r/wallstreetbets/comments/pipe8g/gme_weds_earnings_move/,YOLO
piqey9,So whatsup with the lack of AMC and GME to the moon billboard‚Äôs? üöÄüöÄüöÄüöÄ,https://www.reddit.com/r/wallstreetbets/comments/piqey9/so_whatsup_with_the_lack_of_amc_and_gme_to_the/,Thejoeskiez,1,06.09.21 04:21,3,/r/wallstreetbets/comments/piqey9/so_whatsup_with_the_lack_of_amc_and_gme_to_the/,Discussion
pit4gv,Gotta love the CLOV gang coming all of a sudden when this is GME earnings week!,https://www.reddit.com/r/wallstreetbets/comments/pit4gv/gotta_love_the_clov_gang_coming_all_of_a_sudden/,m4tr1x_usmc,1,06.09.21 07:29,3,/r/wallstreetbets/comments/pit4gv/gotta_love_the_clov_gang_coming_all_of_a_sudden/,Discussion
piy37c,"Daily Popular Tickers Thread for September 06, 2021 - CLOV | GME | AMC",https://www.reddit.com/r/wallstreetbets/comments/piy37c/daily_popular_tickers_thread_for_september_06/,VisualMod,1,06.09.21 14:01,876,/r/wallstreetbets/comments/piy37c/daily_popular_tickers_thread_for_september_06/,NaN
pj8teh,When GME employees are this dedicated how can it not go to the Moon?,https://gamerant.com/gamestop-thief-chase-viral-video/,Don_K_Stamper,1,06.09.21 23:21,3,/r/wallstreetbets/comments/pj8teh/when_gme_employees_are_this_dedicated_how_can_it/,Meme
pjcfmj,Wen GME? Soon the balance will be restored!,https://i.redd.it/riz4u68vazl71.jpg,SafemoonBaboon,1,07.09.21 02:49,0,/r/wallstreetbets/comments/pjcfmj/wen_gme_soon_the_balance_will_be_restored/,Meme
pjeh9u,GME ape gang LFG üçåüçåüçå,https://i.redd.it/bqzcisdpxzl71.png,optionsgambler91,1,07.09.21 04:58,22,/r/wallstreetbets/comments/pjeh9u/gme_ape_gang_lfg/,YOLO
pjg8z0,"19K 3DTE OTM GME Call, send me your energy pls",https://i.redd.it/m2r37e0ri0m71.jpg,Papo_of_the_papos,1,07.09.21 06:55,63,/r/wallstreetbets/comments/pjg8z0/19k_3dte_otm_gme_call_send_me_your_energy_pls/,YOLO
pjgemb,DIDI and AMC to the Moon like GME,https://www.reddit.com/r/wallstreetbets/comments/pjgemb/didi_and_amc_to_the_moon_like_gme/,didiamc,1,07.09.21 07:06,1,/r/wallstreetbets/comments/pjgemb/didi_and_amc_to_the_moon_like_gme/,Discussion
pjgzzs,"Chamath, a Google CTO and Chelsea Clinton's Goldman Sachs veteran husband all walk into a day-glow bar. The Zoolander looking bartender asks them if they'd like some GME or AMC.. they look at each other, laugh, and walk the f-ck out back to their Tesla limo.",https://i.redd.it/v9ff736ps0m71.jpg,waydowntheroad,1,07.09.21 07:51,2,/r/wallstreetbets/comments/pjgzzs/chamath_a_google_cto_and_chelsea_clintons_goldman/,Meme
pjhta8,Back to Reddit after GME gains,https://v.redd.it/vt765iou31m71,a_retardedasshole,1,07.09.21 08:54,0,/r/wallstreetbets/comments/pjhta8/back_to_reddit_after_gme_gains/,Meme
pjie8x,$GME GAINS,https://www.reddit.com/r/wallstreetbets/comments/pjie8x/gme_gains/,Flaze909,1,07.09.21 09:40,1,/r/wallstreetbets/comments/pjie8x/gme_gains/,Gain
pjim1t,$GME just a little stock and short call gains,https://www.reddit.com/r/wallstreetbets/comments/pjim1t/gme_just_a_little_stock_and_short_call_gains/,Flaze909,1,07.09.21 09:59,3,/r/wallstreetbets/comments/pjim1t/gme_just_a_little_stock_and_short_call_gains/,Gain
pjinpx,Small $GME Gains,https://www.reddit.com/gallery/pjinpx,Flaze909,1,07.09.21 10:03,2,/r/wallstreetbets/comments/pjinpx/small_gme_gains/,Gain
pjlod2,"Daily Popular Tickers Thread for September 07, 2021 - CLOV | GME | AMC",https://www.reddit.com/r/wallstreetbets/comments/pjlod2/daily_popular_tickers_thread_for_september_07/,VisualMod,1,07.09.21 14:01,0,/r/wallstreetbets/comments/pjlod2/daily_popular_tickers_thread_for_september_07/,NaN
pjnxt4,HIPO !!!!!! Let‚Äôs goooooo to the moon!!!!!! üöÄüöÄüöÄüöÄüöÄ HIPO HIPO let‚Äôs get this going everyone !!!! The new GME!!! HIPO HIPO!!!!!!!!‚Äô To the moon let‚Äôs gooooooo HIPO !!!!!!!!! HIPO HIPO !!!!!!!!! To the moon!!!!,https://www.reddit.com/r/wallstreetbets/comments/pjnxt4/hipo_lets_goooooo_to_the_moon_hipo_hipo_lets_get/,life_litty,1,07.09.21 16:17,1,/r/wallstreetbets/comments/pjnxt4/hipo_lets_goooooo_to_the_moon_hipo_hipo_lets_get/,Gain
pjo81j,I had to sell GME for wedding funds- if history is any indicator the stock will spike in the coming 24 to 48 hours.,https://www.reddit.com/r/wallstreetbets/comments/pjo81j/i_had_to_sell_gme_for_wedding_funds_if_history_is/,AtreyuLives,1,07.09.21 16:32,1,/r/wallstreetbets/comments/pjo81j/i_had_to_sell_gme_for_wedding_funds_if_history_is/,Gain
pjoi57,"everyone realizes that GME and AMC are just stonks, not stocks. can you see the future?",https://i.redd.it/0r0q0kzcg3m71.png,waydowntheroad,1,07.09.21 16:48,0,/r/wallstreetbets/comments/pjoi57/everyone_realizes_that_gme_and_amc_are_just/,Meme
pjpg7w,GME??? YOU MEAN GMG!! CAN I HAZ CHEEZBURGERS! +20% DOD,https://www.reddit.com/r/wallstreetbets/comments/pjpg7w/gme_you_mean_gmg_can_i_haz_cheezburgers_20_dod/,SBVoidout,1,07.09.21 17:35,0,/r/wallstreetbets/comments/pjpg7w/gme_you_mean_gmg_can_i_haz_cheezburgers_20_dod/,DD
pjptgf,Low IQ ape trying to explain latest GME DD to his friends,https://v.redd.it/x6jccb44s3m71,DrStemSell,1,07.09.21 17:54,0,/r/wallstreetbets/comments/pjptgf/low_iq_ape_trying_to_explain_latest_gme_dd_to_his/,Meme
pjpumu,#TELL- TELLURIAN- Time to get on this train‚Ä¶Check out a company that has phenomenal expansion plans within the energy sector and a CEO who embraces the retail folks! Also DEBT FREE!!! This has potential of another GME/AMC run and WELCOMED by the CEO. Check it out and let‚Äôs go!!!!,https://www.reddit.com/r/wallstreetbets/comments/pjpumu/tell_tellurian_time_to_get_on_this_traincheck_out/,piper4589,1,07.09.21 17:55,1,/r/wallstreetbets/comments/pjpumu/tell_tellurian_time_to_get_on_this_traincheck_out/,Gain
pjqqr9,TD is trying to shut off US retail from buying uranium / $SRUUF - is this $GME all over again?,https://www.reddit.com/r/wallstreetbets/comments/pjqqr9/td_is_trying_to_shut_off_us_retail_from_buying/,sarayeva,1,07.09.21 18:40,1,/r/wallstreetbets/comments/pjqqr9/td_is_trying_to_shut_off_us_retail_from_buying/,News
pjqsi2,TD is trying to shut off US retail from buying uranium / $SRUUF - is this $GME all over again?,https://www.reddit.com/r/wallstreetbets/comments/pjqsi2/td_is_trying_to_shut_off_us_retail_from_buying/,sarayeva,1,07.09.21 18:43,0,/r/wallstreetbets/comments/pjqsi2/td_is_trying_to_shut_off_us_retail_from_buying/,Discussion
pjrkl4,$TAL &amp; GOTU ARE THE CHINESE $GME &amp; $AMC. Don‚Äôt miss this opportunity,https://www.reddit.com/r/wallstreetbets/comments/pjrkl4/tal_gotu_are_the_chinese_gme_amc_dont_miss_this/,Western_Perception21,1,07.09.21 19:22,1,/r/wallstreetbets/comments/pjrkl4/tal_gotu_are_the_chinese_gme_amc_dont_miss_this/,Meme
pjs2g7,"Cloverites.......AMC , GME unite...",https://www.reddit.com/r/wallstreetbets/comments/pjs2g7/cloveritesamc_gme_unite/,Salta_Katten,1,07.09.21 19:47,0,/r/wallstreetbets/comments/pjs2g7/cloveritesamc_gme_unite/,Discussion
pjspkx,"Heey, AMC,GME.. CLOV.unite...",https://www.reddit.com/r/wallstreetbets/comments/pjspkx/heey_amcgme_clovunite/,Salta_Katten,1,07.09.21 20:20,1,/r/wallstreetbets/comments/pjspkx/heey_amcgme_clovunite/,Discussion
pjspyj,Buy ticker ccj let‚Äôs make this bitch go nuclear. gme p2,https://www.reddit.com/r/wallstreetbets/comments/pjspyj/buy_ticker_ccj_lets_make_this_bitch_go_nuclear/,yourmomsmyppsock,1,07.09.21 20:20,1,/r/wallstreetbets/comments/pjspyj/buy_ticker_ccj_lets_make_this_bitch_go_nuclear/,YOLO
pjsvbc,A GME Like Opportunity In Uranium?,https://www.reddit.com/r/wallstreetbets/comments/pjsvbc/a_gme_like_opportunity_in_uranium/,SnooGadgets5017,1,07.09.21 20:28,0,/r/wallstreetbets/comments/pjsvbc/a_gme_like_opportunity_in_uranium/,Discussion
pjtlrv,"The mid-day update. Top trending tickers on WallStreetBets and why: CLOV, AAPL, TSLA, GME, AMC",https://www.reddit.com/r/wallstreetbets/comments/pjtlrv/the_midday_update_top_trending_tickers_on/,stonksmaygoup,1,07.09.21 21:05,0,/r/wallstreetbets/comments/pjtlrv/the_midday_update_top_trending_tickers_on/,Discussion
pju7ao,Possibe DD. I just noticed this new feature on etoro. There are aorund 6.100.000 GME investors. PLEASE CHECK smooth brain ape.,https://www.reddit.com/r/wallstreetbets/comments/pju7ao/possibe_dd_i_just_noticed_this_new_feature_on/,000Whynot,1,07.09.21 21:35,0,/r/wallstreetbets/comments/pju7ao/possibe_dd_i_just_noticed_this_new_feature_on/,DD
pju8sf,Possibe DD. I just noticed this new feature on etoro. There are aorund 6.100.000 GME investors. PLEASE CHECK smooth brain ape.,https://www.reddit.com/r/wallstreetbets/comments/pju8sf/possibe_dd_i_just_noticed_this_new_feature_on/,000Whynot,1,07.09.21 21:37,0,/r/wallstreetbets/comments/pju8sf/possibe_dd_i_just_noticed_this_new_feature_on/,DD
pjvgox,Zombie Kong is Back ü™¶üóø ü¶ç ü¶ç ü¶ç Warning ‚ö†Ô∏è: retarded GME yolo inside ü¶çü¶çü¶çüçÜüõ∏üöÄüöÄ,https://i.redd.it/83263j6675m71.jpg,GmeCalls-UrWifesBf,1,07.09.21 22:39,0,/r/wallstreetbets/comments/pjvgox/zombie_kong_is_back_warning_retarded_gme_yolo/,YOLO
pjyo1c,"What's the point of fight between GME and AMC, while real enemies are HF?",https://www.reddit.com/r/wallstreetbets/comments/pjyo1c/whats_the_point_of_fight_between_gme_and_amc/,coren4,1,08.09.21 01:28,0,/r/wallstreetbets/comments/pjyo1c/whats_the_point_of_fight_between_gme_and_amc/,Discussion
pjzrlr,60K on GME. I like the stock,https://i.redd.it/fa7m98j1d6m71.png,ColdElephants,1,08.09.21 02:34,0,/r/wallstreetbets/comments/pjzrlr/60k_on_gme_i_like_the_stock/,YOLO
pk08cm,GME is hiring developers,https://i.redd.it/61f3qlp2i6m71.png,ddropthesoap,1,08.09.21 03:02,0,/r/wallstreetbets/comments/pk08cm/gme_is_hiring_developers/,Discussion
pk1mmj,So is everyone going all in on gme tomorrow or?,https://www.reddit.com/r/wallstreetbets/comments/pk1mmj/so_is_everyone_going_all_in_on_gme_tomorrow_or/,Digging123,1,08.09.21 04:27,1,/r/wallstreetbets/comments/pk1mmj/so_is_everyone_going_all_in_on_gme_tomorrow_or/,Discussion
pk1nx2,So is everyone going all in on gme tomorrow? Asking for a friend,https://www.reddit.com/r/wallstreetbets/comments/pk1nx2/so_is_everyone_going_all_in_on_gme_tomorrow/,Digging123,1,08.09.21 04:29,1,/r/wallstreetbets/comments/pk1nx2/so_is_everyone_going_all_in_on_gme_tomorrow/,Discussion
pk2e5e,"IM gonna give you guys some hope here! OSAT was shorted heavily back in 2000's and went up to $70 million a share! AMC and GME are shorted way more than this, anything is possible! HODL! Buy now at discount prices!",https://i.redd.it/d431w13e57m71.png,HealthInternational3,1,08.09.21 05:15,0,/r/wallstreetbets/comments/pk2e5e/im_gonna_give_you_guys_some_hope_here_osat_was/,Meme
pk2ecl,A new gme alternative? Cucumber to the moon!,https://www.reddit.com/r/wallstreetbets/comments/pk2ecl/a_new_gme_alternative_cucumber_to_the_moon/,TwinkingToby,1,08.09.21 05:15,1,/r/wallstreetbets/comments/pk2ecl/a_new_gme_alternative_cucumber_to_the_moon/,Discussion
pk46oe,Since some of you think you‚Äôll pull some magic out your ass and revive gme,https://i.redd.it/7blbm90jr7m71.jpg,Imjustadude-,1,08.09.21 07:17,0,/r/wallstreetbets/comments/pk46oe/since_some_of_you_think_youll_pull_some_magic_out/,Meme